City_ID,City,Lat,Lng,Max Temp,Humidity,Cloudiness,Wind Speed,Country,Date
0,grytviken,-54.2811,-36.5092,2.58,44,16,5.07,GS,1696152472
1,at taj,24.2049,23.2857,31.37,24,100,7.12,LY,1696152473
2,avarua,-21.2078,-159.775,25.03,94,75,3.6,CK,1696152473
3,bredasdorp,-34.5322,20.0403,16.94,52,0,4.95,ZA,1696152375
4,olonkinbyen,70.9221,-8.7187,0.82,65,100,2.83,SJ,1696152474
5,colac,-38.3333,143.5833,10.65,72,18,2.82,AU,1696152475
6,iqaluit,63.7506,-68.5145,2.85,93,100,3.09,CA,1696152475
7,aykhal,66.0,111.5,1.71,94,100,5.36,RU,1696152475
8,susuman,62.7833,148.1667,-1.12,73,11,1.79,RU,1696152476
9,gurupi,-11.7292,-49.0686,26.37,44,20,1.43,BR,1696152197
10,longyearbyen,78.2186,15.6401,-4.09,63,75,8.23,SJ,1696152476
11,inirida,3.8653,-67.9239,23.35,98,100,0.78,CO,1696152476
12,port-aux-francais,-49.35,70.2167,5.86,96,100,15.18,TF,1696152477
13,tura,25.5198,90.2201,28.23,87,94,0.79,IN,1696152477
14,waitangi,-43.9535,-176.5597,9.9,82,40,4.92,NZ,1696152477
15,prado,-17.3411,-39.2208,22.39,77,68,2.01,BR,1696152266
16,vilyuchinsk,52.9306,158.4028,7.18,81,9,0.9,RU,1696152478
17,ushuaia,-54.8,-68.3,4.81,45,0,3.6,AR,1696152372
18,puerto ayora,-0.7393,-90.3518,22.53,95,100,0.89,EC,1696152479
19,college,64.8569,-147.8028,7.18,66,75,3.6,US,1696152479
20,kerikeri,-35.2268,173.9474,10.17,88,8,2.72,NZ,1696152480
21,badger,64.8,-147.5333,7.14,67,100,3.6,US,1696152480
22,wabag,-5.4781,143.7021,13.85,98,75,0.42,PG,1696152480
23,gilgit,35.9221,74.3087,24.71,18,1,1.25,PK,1696152481
24,west island,-12.1568,96.8225,26.99,69,75,8.75,CC,1696152481
25,afaahiti,-17.75,-149.2833,23.93,86,3,9.07,PF,1696152481
26,wainwright,52.839,-110.8572,5.38,78,100,2.32,CA,1696152482
27,blackmans bay,-43.0167,147.3167,11.4,60,12,6.4,AU,1696152482
28,arraial do cabo,-22.9661,-42.0278,20.98,88,75,6.17,BR,1696152482
29,kattivakkam,13.2167,80.3167,34.48,61,82,4.58,IN,1696152483
30,edinburgh of the seven seas,-37.0676,-12.3116,9.72,52,92,13.77,SH,1696152483
31,whitehorse,60.7161,-135.0538,4.43,87,100,7.2,CA,1696152483
32,ancud,-41.8697,-73.8203,7.62,86,100,0.98,CL,1696152230
33,khorixas,-20.3667,14.9667,31.6,9,0,4.79,NA,1696152484
34,anadyr,64.75,177.4833,-0.72,74,0,5.0,RU,1696152485
35,yilan,24.757,121.753,30.01,87,31,2.9,TW,1696152485
36,bethel,41.3712,-73.414,15.01,87,0,0.45,US,1696152485
37,atafu village,-8.5421,-172.5159,28.86,70,44,3.44,TK,1696152486
38,port elizabeth,-33.918,25.5701,17.83,81,100,3.6,ZA,1696152250
39,lompoc,34.6391,-120.4579,14.32,87,100,2.06,US,1696152486
40,tiksi,71.6872,128.8694,-5.84,90,50,3.45,RU,1696152486
41,hasaki,35.7333,140.8333,24.22,87,89,5.18,JP,1696152487
42,happy valley-goose bay,53.3168,-60.3315,13.17,71,100,4.63,CA,1696152487
43,santa maria del oro,25.9333,-105.3667,16.87,53,99,1.21,MX,1696152487
44,fort st. john,56.2499,-120.8529,6.94,76,75,3.09,CA,1696152488
45,athens,37.9795,23.7162,28.1,39,20,4.12,GR,1696151612
46,adamstown,-25.066,-130.1015,20.53,85,47,11.16,PN,1696152488
47,vilyuysk,63.7553,121.6247,10.56,65,98,4.02,RU,1696152489
48,hamilton,39.1834,-84.5333,16.89,94,20,2.06,US,1696152489
49,lander,42.833,-108.7307,16.45,39,0,5.66,US,1696152489
50,bajitpur,24.2167,90.95,33.05,66,82,3.14,BD,1696152490
51,pathein,16.7833,94.7333,25.43,92,100,3.23,MM,1696152490
52,griffith,41.5284,-87.4237,19.38,85,0,2.57,US,1696152490
53,nizhnesortymskiy,62.4397,71.7603,6.27,71,100,8.62,RU,1696152491
54,carnarvon,-24.8667,113.6333,20.64,62,1,8.6,AU,1696152491
55,bardai,11.65,7.2333,26.57,69,97,5.3,NG,1696152491
56,yellowknife,62.456,-114.3525,6.9,94,100,3.6,CA,1696152492
57,new norfolk,-42.7826,147.0587,12.06,71,34,3.22,AU,1696152492
58,fortuna,40.5982,-124.1573,9.51,96,0,0.0,US,1696152492
59,puerto natales,-51.7236,-72.4875,1.32,89,65,2.97,CL,1696152493
60,colonia,50.9333,6.95,22.16,67,0,3.09,DE,1696152425
61,gizo,-8.103,156.8419,27.24,84,100,5.78,SB,1696152493
62,burley,42.5357,-113.7928,8.44,97,100,2.06,US,1696152494
63,laguna,38.421,-121.4238,16.14,90,100,0.45,US,1696152494
64,azhikkal,11.9,75.3667,27.08,86,100,3.18,IN,1696152494
65,okha,53.5739,142.9478,8.6,95,67,4.95,RU,1696152495
66,papatowai,-46.5619,169.4708,13.34,67,100,3.51,NZ,1696152495
67,coquimbo,-29.9533,-71.3436,12.85,82,100,1.03,CL,1696152434
68,merizo village,13.2658,144.6691,28.32,91,84,2.2,GU,1696152496
69,muroto-misakicho,33.2833,134.15,24.4,84,99,2.79,JP,1696152496
70,el alto,-4.2714,-81.2147,19.36,81,41,5.7,PE,1696152496
71,qaqortoq,60.7167,-46.0333,1.67,82,36,1.46,GL,1696152497
72,tafuna,-14.3358,-170.72,26.97,94,75,7.2,AS,1696152497
73,margaret river,-33.95,115.0667,15.92,79,70,11.11,AU,1696152498
74,dolores,-36.3132,-57.6792,3.27,92,0,2.57,AR,1696152498
75,porto novo,6.4965,2.6036,29.9,64,28,3.27,BJ,1696152302
76,nova sintra,14.8667,-24.7167,23.59,78,96,9.85,CV,1696152499
77,vila franca do campo,37.7167,-25.4333,20.49,99,100,4.37,PT,1696152499
78,thompson,55.7435,-97.8558,2.09,100,75,2.06,CA,1696152500
79,bridgewater,44.3835,-64.5155,13.79,95,52,1.54,CA,1696152500
80,gladstone,-23.85,151.25,21.96,64,0,4.63,AU,1696152500
81,hermanus,-34.4187,19.2345,16.48,57,0,5.88,ZA,1696152070
82,ust-nera,64.5667,143.2,-1.51,59,92,2.81,RU,1696152501
83,albany,42.6001,-73.9662,13.69,95,1,1.95,US,1696152207
84,riohacha,11.5444,-72.9072,26.76,90,100,2.89,CO,1696152501
85,enewetak,11.3474,162.3373,29.06,77,87,7.41,MH,1696152502
86,churapcha,62.0025,132.4325,5.63,59,70,2.1,RU,1696152502
87,cidade velha,14.9167,-23.6167,27.26,74,75,5.14,CV,1696152502
88,port alfred,-33.5906,26.891,18.99,74,82,2.68,ZA,1696152220
89,flying fish cove,-10.4217,105.6791,26.82,73,75,4.63,CX,1696152503
90,constantia,44.1833,28.65,23.38,42,67,7.99,RO,1696152407
91,ishigaki,24.3448,124.1572,28.07,89,75,7.72,JP,1696152504
92,yatou,37.15,122.3833,20.17,59,20,2.23,CN,1696152504
93,antsohihy,-14.8796,47.9875,37.38,24,17,1.38,MG,1696152504
94,la passe,45.5549,-0.8967,23.13,56,9,2.69,FR,1696152505
95,samarinda,-0.5,117.15,29.54,55,96,2.62,ID,1696152505
96,benito juarez,19.385,-99.165,17.22,66,75,2.57,MX,1696152493
97,an nuhud,12.7,28.4333,32.83,39,82,2.22,SD,1696152506
98,petropavlovsk-kamchatsky,53.0452,158.6483,6.36,91,100,2.0,RU,1696152207
99,andergrove,-21.0833,149.1833,20.91,84,22,5.17,AU,1696152507
100,kingston,17.997,-76.7936,27.53,86,20,2.57,JM,1696152507
101,midvagur,62.0511,-7.1939,10.46,93,100,17.49,FO,1696152507
102,kodiak,57.79,-152.4072,8.73,100,100,4.12,US,1696152508
103,rongelap,11.1635,166.8941,27.98,78,100,5.01,MH,1696152508
104,vadso,70.0744,29.7487,8.09,81,75,1.54,NO,1696152508
105,vorgashor,67.5833,63.95,6.06,99,100,4.42,RU,1696152509
106,usinsk,65.9939,57.5281,10.85,94,100,8.78,RU,1696152226
107,punta arenas,-53.15,-70.9167,2.06,69,100,7.2,CL,1696152506
108,keflavik,64.0049,-22.5624,10.95,76,100,8.23,IS,1696152510
109,west bay,19.3667,-81.4167,29.44,81,90,4.4,KY,1696152510
110,qinzhou,21.95,108.6167,30.97,67,21,3.28,CN,1696152399
111,dambatta,12.433,8.5154,25.93,69,91,6.37,NG,1696152511
112,sola,-13.8833,167.55,24.91,78,100,12.93,VU,1696152511
113,puerto lempira,15.2667,-83.7667,25.67,90,70,1.72,HN,1696152511
114,praia da vitoria,38.7333,-27.0667,19.31,94,20,3.88,PT,1696152220
115,aasiaat,68.7098,-52.8699,-8.37,84,42,4.99,GL,1696152512
116,juneau,58.3019,-134.4197,7.0,95,100,6.17,US,1696152391
117,eket,4.6412,7.9209,28.21,74,74,2.55,NG,1696152513
118,ugoofaaru,5.6667,73.0,27.76,77,73,5.8,MV,1696152513
119,novoagansk,61.9449,76.6625,4.73,57,100,5.65,RU,1696152514
120,kalifornsky,60.4183,-151.29,8.55,73,20,10.29,US,1696152514
121,beaufort west,-32.3567,22.583,13.68,34,0,4.85,ZA,1696152514
122,buka,40.8108,69.1986,28.38,14,20,3.29,UZ,1696152515
123,howard springs,-12.497,131.047,28.95,45,99,3.88,AU,1696152515
124,iskateley,67.6803,53.1512,10.57,98,100,4.02,RU,1696152515
125,fort bragg,35.139,-79.006,15.75,96,0,2.06,US,1696152516
126,colares,38.7992,-9.4469,26.85,59,0,5.81,PT,1696152516
127,kuqa,41.7278,82.9364,24.15,20,7,2.46,CN,1696152516
128,saldanha,-33.0117,17.9442,19.03,54,0,3.46,ZA,1696152517
129,yuzhno-kurilsk,44.0306,145.8556,15.76,96,100,1.83,RU,1696152517
130,manaure,11.7751,-72.4445,28.04,81,100,1.72,CO,1696152517
131,tughyl,47.7252,84.2063,14.19,65,85,3.3,KZ,1696152518
132,sam roi yot,12.2708,99.872,30.99,67,72,1.96,TH,1696152518
133,san clemente del tuyu,-36.3569,-56.7235,7.77,89,4,5.27,AR,1696152518
134,puerto baquerizo moreno,-0.9,-89.6,22.44,89,100,5.15,EC,1696152519
135,port nelson,23.6333,-74.8333,28.97,77,2,6.68,BS,1696152519
136,mejit,10.2753,170.8646,26.42,78,100,2.93,MH,1696152519
137,san ignacio de velasco,-16.3667,-60.95,22.93,51,71,2.23,BO,1696152520
138,chilmari,25.5559,89.6715,32.12,66,85,2.83,BD,1696152520
139,chonchi,-42.6128,-73.8092,6.73,92,100,0.85,CL,1696152520
140,nelson bay,-32.7167,152.15,28.94,42,22,1.79,AU,1696152521
141,ulsteinvik,62.3432,5.8487,13.84,79,46,0.45,NO,1696152521
142,malinyi,-8.9333,36.1333,33.31,33,26,1.77,TZ,1696152521
143,el calafate,-50.3408,-72.2768,3.46,62,2,5.37,AR,1696152522
144,acapulco de juarez,16.8634,-99.8901,27.9,89,75,1.03,MX,1696152522
145,manchester,53.4809,-2.2374,18.24,95,75,3.09,GB,1696151853
146,saint-pierre,-21.3393,55.4781,28.43,65,0,3.6,RE,1696152411
147,salinopolis,-0.6136,-47.3561,26.46,78,93,6.2,BR,1696152523
148,verkhnyaya sinyachikha,57.976,61.6673,14.83,52,14,4.08,RU,1696152523
149,dhuusamarreeb,5.535,46.3861,33.46,40,6,6.3,SO,1696152524
150,businga,3.3333,20.8833,33.55,48,54,0.95,CD,1696152524
151,yaren,-0.5472,166.916,28.68,76,60,2.73,NR,1696152289
152,codrington,-38.2667,141.9667,9.68,75,5,2.86,AU,1696152525
153,burela de cabo,43.65,-7.4,18.43,71,98,0.16,ES,1696152525
154,port mathurin,-19.6833,63.4167,22.93,81,47,9.57,MU,1696152525
155,kidal,18.4411,1.4078,35.65,15,64,6.82,ML,1696152526
156,timimoun,29.2639,0.231,29.21,24,0,11.32,DZ,1696152526
157,utrik,11.2278,169.8474,27.75,76,100,3.94,MH,1696152527
158,progreso,21.2833,-89.6667,25.62,89,100,2.88,MX,1696152527
159,fauske,67.2588,15.3918,10.02,94,100,3.58,NO,1696152344
160,bonthe,7.5264,-12.505,26.12,87,100,2.4,SL,1696152527
161,eregli,37.5133,34.0467,21.63,47,88,2.59,TR,1696152528
162,quang ngai,15.1167,108.8,29.16,78,95,3.51,VN,1696152461
163,kenai,60.5544,-151.2583,8.41,74,100,10.29,US,1696152528
164,srikakulam,18.3,83.9,32.0,66,99,4.49,IN,1696152529
165,matoury,4.8483,-52.3317,22.98,100,0,0.0,GF,1696152529
166,ambon,-3.6954,128.1814,29.37,95,20,2.06,ID,1696152529
167,marsabit,2.3284,37.9899,26.06,40,4,8.19,KE,1696152530
168,moranbah,-22.0016,148.0466,21.13,63,10,7.64,AU,1696152530
169,hotan,37.0997,79.9269,23.43,19,0,1.74,CN,1696152530
170,mormugao,15.4,73.8,26.19,81,100,8.43,IN,1696152531
171,milagros,12.2181,123.5095,28.22,84,100,4.29,PH,1696152531
172,altai,46.3722,96.2583,6.7,64,96,4.72,MN,1696152532
173,padang,-0.9492,100.3543,29.03,83,81,3.55,ID,1696152532
174,kibre mengist,5.8833,38.9833,20.15,80,78,1.97,ET,1696152533
175,yomju-up,39.8933,124.5981,17.44,54,0,2.75,KP,1696152533
176,borba,-4.3878,-59.5939,24.16,55,100,0.91,BR,1696152533
177,sucre,-19.0333,-65.2627,12.18,79,99,2.45,BO,1696152534
178,guayaramerin,-10.8368,-65.3614,23.19,94,80,0.47,BO,1696152534
179,lorengau,-2.0226,147.2712,27.17,81,11,2.68,PG,1696152534
180,katsuren-haebaru,26.3369,127.8719,29.43,81,20,5.14,JP,1696152535
181,jamestown,42.097,-79.2353,14.77,100,100,0.45,US,1696152535
182,nova vicosa,-17.8919,-39.3719,22.82,74,97,2.34,BR,1696152536
183,manokwari,-0.8667,134.0833,26.87,84,80,6.9,ID,1696152536
184,east ballina,-28.8667,153.5833,21.0,70,19,9.06,AU,1696152536
185,hawaiian paradise park,19.5933,-154.9731,23.73,93,75,2.57,US,1696152537
186,labytnangi,66.6572,66.4183,5.59,92,100,2.49,RU,1696152537
187,st. john's,47.5649,-52.7093,9.98,92,20,5.66,CA,1696152537
188,tazovsky,67.4667,78.7,2.51,65,100,6.48,RU,1696152206
189,tralee,52.2704,-9.7026,16.14,82,40,3.6,IE,1696152538
190,dudinka,69.4058,86.1778,-6.29,90,18,2.24,RU,1696152538
191,mahina,-17.5065,-149.489,24.87,78,0,2.06,PF,1696152539
192,oliver,49.1831,-119.5524,9.95,71,5,1.03,CA,1696152539
193,tamanrasset,22.785,5.5228,28.95,20,40,4.12,DZ,1696152539
194,big rapids,43.6981,-85.4837,14.95,100,100,0.0,US,1696152540
195,pingliang,35.5392,106.6861,13.48,70,100,3.6,CN,1696152540
196,hithadhoo,-0.6,73.0833,28.03,72,62,6.95,MV,1696152313
197,puerto armuelles,8.2833,-82.8667,27.27,85,79,2.24,PA,1696152541
198,kavaratti,10.5669,72.642,27.92,79,100,7.54,IN,1696152541
199,port blair,11.6667,92.75,28.02,83,100,5.14,IN,1696152541
200,ilulissat,69.2167,-51.1,-1.99,59,55,3.6,GL,1696152249
201,kargasok,59.0556,80.8572,4.98,48,90,3.58,RU,1696152542
202,luderitz,-26.6481,15.1594,22.19,48,0,6.72,NA,1696152542
203,ambam,2.3833,11.2833,23.51,86,100,0.82,CM,1696152543
204,ribeira grande,38.5167,-28.7,20.43,72,20,2.24,PT,1696152543
205,kone,-21.0595,164.8658,19.5,72,99,3.05,NC,1696152543
206,duong dong,10.2167,103.9667,31.0,79,40,7.2,VN,1696152544
207,nuku'alofa,-21.1333,-175.2,21.19,73,20,6.17,TO,1696152544
208,kourou,5.1552,-52.6478,23.03,90,100,3.49,GF,1696152544
209,callao,-12.0667,-77.15,18.73,82,75,5.14,PE,1696152545
210,arhavi,41.3492,41.3069,24.95,82,54,1.5,TR,1696152545
211,noumea,-22.2763,166.4572,19.99,71,82,5.78,NC,1696151907
212,port douglas,-16.4833,145.4667,22.59,75,8,5.09,AU,1696152545
213,yanchep,-31.55,115.6833,19.97,71,80,7.8,AU,1696152546
214,georgetown,5.4112,100.3354,30.97,74,20,3.6,MY,1696152546
215,lengshuitan,26.4111,111.5956,28.48,64,96,2.76,CN,1696152547
216,gamba,-2.65,10.0,26.78,76,70,3.84,GA,1696152547
217,auki,-8.7676,160.7034,25.51,85,100,2.26,SB,1696152547
218,queenstown,-31.8976,26.8753,13.11,41,5,3.1,ZA,1696152548
219,klaksvik,62.2266,-6.589,10.51,94,99,15.86,FO,1696152548
220,cam ranh,11.9214,109.1591,26.98,94,75,5.66,VN,1696152548
221,quellon,-43.1167,-73.6167,6.59,93,100,1.93,CL,1696152549
222,la mira tumbiscatio,18.6833,-102.2833,22.76,92,26,1.33,MX,1696152549
223,rodino,52.5,80.25,11.08,70,96,2.46,RU,1696152549
224,buncrana,55.1333,-7.45,14.87,87,60,4.81,IE,1696152281
225,tadmur,34.5608,38.2805,24.51,50,100,1.53,SY,1696152550
226,fonte boa,-2.4959,-66.2662,22.88,98,99,0.83,BR,1696152550
227,tangalle,6.024,80.7911,27.09,80,100,4.04,LK,1696152551
228,haiku-pauwela,20.9219,-156.3051,25.02,73,0,9.26,US,1696152551
229,lebu,-37.6167,-73.65,9.93,85,100,3.99,CL,1696152551
230,villa canas,-34.0057,-61.6076,3.86,85,0,3.31,AR,1696152552
231,selfoss,63.9331,-20.9971,8.36,77,100,6.17,IS,1696152552
232,itoman,26.1247,127.6694,29.43,77,20,8.75,JP,1696152553
233,amsterdam,52.374,4.8897,19.95,76,75,5.66,NL,1696152124
234,pedersore,63.65,22.6833,11.07,94,100,7.88,FI,1696152553
235,rio grande,-32.035,-52.0986,4.97,87,0,2.48,BR,1696152554
236,ocos,14.5094,-92.1933,26.76,79,100,1.78,GT,1696152554
237,fale old settlement,-9.3852,-171.2468,28.8,72,63,3.01,TK,1696152554
238,wailua homesteads,22.0669,-159.378,25.44,85,75,6.17,US,1696152555
239,buedu,8.2803,-10.3719,24.31,90,99,0.41,SL,1696152555
240,brigantine,39.4101,-74.3646,16.12,95,0,4.02,US,1696152555
241,geraldton,-28.7667,114.6,21.23,60,100,7.2,AU,1696152556
242,rajaori,33.3833,74.3,28.62,31,0,3.66,IN,1696152556
243,sarmiento,-45.5882,-69.07,10.13,51,100,4.88,AR,1696152556
244,coahuayana de hidalgo,18.7,-103.6583,26.16,92,41,1.35,MX,1696152557
245,port isabel,26.0734,-97.2086,29.45,81,0,3.09,US,1696152557
246,chibougamau,49.9168,-74.3659,8.95,96,16,1.62,CA,1696152557
247,bazar-korgon,41.0376,72.7459,25.07,17,86,3.32,KG,1696152558
248,alice springs,-23.7,133.8833,31.75,12,87,0.0,AU,1696152558
249,portland,45.5234,-122.6762,12.02,87,0,1.34,US,1696152495
250,talnakh,69.4865,88.3972,-7.66,90,33,1.06,RU,1696152559
251,kununurra,-15.7667,128.7333,33.99,38,77,5.14,AU,1696152559
252,naxos,37.1056,25.3764,26.84,53,0,7.72,GR,1696152306
253,pacific grove,36.6177,-121.9166,14.68,91,100,2.06,US,1696152560
254,kupang,-10.1667,123.5833,29.32,61,40,3.09,ID,1696152560
255,sukagawa,37.2833,140.3833,21.03,86,75,5.66,JP,1696152560
256,sisimiut,66.9395,-53.6735,-0.46,70,86,4.9,GL,1696152561
257,cabedelo,-6.9811,-34.8339,23.37,78,100,4.59,BR,1696152561
258,andratx,39.5755,2.4202,29.79,62,0,1.54,ES,1696152561
259,nabire,-3.3667,135.4833,24.86,90,100,0.81,ID,1696152562
260,rio verde de mato grosso,-18.9181,-54.8442,24.96,79,25,0.68,BR,1696152562
261,inderbor,48.55,51.7833,20.41,37,9,4.84,KZ,1696152562
262,cannonvale,-20.2833,148.7,21.66,80,19,4.8,AU,1696152563
263,sinabang,2.4803,96.3801,27.7,81,59,3.79,ID,1696152563
264,stanley,54.868,-1.6985,18.01,87,20,4.12,GB,1696152563
265,remire-montjoly,4.9167,-52.2667,23.02,100,0,0.0,GF,1696152563
266,qui nhon,13.7667,109.2333,28.5,82,84,5.1,VN,1696152564
267,shenjiamen,29.9576,122.298,23.26,60,4,7.8,CN,1696152564
268,santarem,-2.4431,-54.7083,27.07,94,0,3.09,BR,1696152008
269,klyuchi,52.2667,79.1667,12.59,63,89,2.65,RU,1696152565
270,xilin hot,43.9667,116.0333,15.2,27,0,3.97,CN,1696152565
271,vila velha,-20.3297,-40.2925,20.97,90,100,0.45,BR,1696152493
272,nyala,12.05,24.8833,31.75,41,94,1.07,SD,1696152566
273,aripuana,-9.1667,-60.6333,22.29,92,100,0.19,BR,1696152566
274,richland,40.7834,-82.5499,13.1,96,0,0.0,US,1696152566
275,tsetserleg,47.475,101.4542,12.25,34,100,1.51,MN,1696152567
276,le port,-20.9373,55.2919,28.98,61,5,4.12,RE,1696152567
277,laojunmiao,39.8333,97.7333,14.23,21,100,2.86,CN,1696152568
278,kabompo,-13.5927,24.2008,37.49,19,19,1.33,ZM,1696152568
279,richards bay,-28.783,32.0377,17.73,79,100,6.08,ZA,1696152568
280,harper,4.375,-7.7169,26.2,86,79,4.29,LR,1696152569
281,prince rupert,54.3161,-130.3201,10.83,85,100,10.8,CA,1696152569
282,dawei,14.0833,98.2,26.32,90,100,1.45,MM,1696152569
283,port saint john's,-31.6229,29.5448,19.21,57,35,6.1,ZA,1696152570
284,hami,42.8,93.45,25.0,13,20,3.6,CN,1696152570
285,boquira,-12.8231,-42.7306,20.83,78,33,1.59,BR,1696152570
286,soe,-9.8607,124.284,24.87,50,15,3.23,ID,1696152571
287,sompeta,18.9333,84.6,31.14,74,100,4.93,IN,1696152571
288,tolanaro,-25.0319,46.9987,27.04,65,0,4.12,MG,1696152571
289,tobruk,32.0836,23.9764,25.14,57,1,5.91,LY,1696152572
290,lihue,21.9789,-159.3672,25.77,85,75,6.17,US,1696152534
291,forster,-32.1667,152.5167,22.52,59,56,4.47,AU,1696152572
292,walvis bay,-22.9575,14.5053,16.53,72,0,2.57,NA,1696152573
293,thabazimbi,-24.5917,27.4116,34.0,6,0,2.06,ZA,1696152573
294,ust'-barguzin,53.45,108.9833,14.49,49,88,1.79,RU,1696152573
295,kostopil',50.8784,26.4519,16.38,53,100,5.41,UA,1696152574
296,qarazhal,48.0078,70.7903,16.14,48,100,5.37,KZ,1696152574
297,el bayadh,33.6832,1.0193,22.4,29,0,1.84,DZ,1696152574
298,hirara,24.8,125.2833,28.92,83,40,8.75,JP,1696152575
299,nagqu,31.5,92.0,10.73,60,71,9.53,CN,1696152575
300,strathmore,51.0501,-113.3852,4.67,100,100,3.6,CA,1696152575
301,chernomorskoye,45.5039,32.6997,21.78,51,80,7.06,UA,1696152576
302,east london,-33.0153,27.9116,17.52,63,40,5.14,ZA,1696152496
303,jalai nur,49.45,117.7,14.53,38,71,2.19,CN,1696152576
304,ponta delgada,37.7333,-25.6667,20.66,83,75,5.14,PT,1696152464
305,sangkhla buri,15.1555,98.4536,25.42,93,100,0.58,TH,1696152577
306,banff,51.1762,-115.5698,1.21,100,99,0.0,CA,1696152577
307,mizdah,31.4451,12.9801,22.46,48,0,1.51,LY,1696152578
308,bilibino,68.0546,166.4372,-7.8,93,77,0.68,RU,1696152578
309,bubaque,11.2833,-15.8333,28.0,78,100,4.3,GW,1696152466
310,maryborough,-25.5333,152.7,18.16,76,1,1.89,AU,1696152579
311,tual,-5.6667,132.75,26.35,85,60,2.39,ID,1696152579
312,smithers,54.7804,-127.1743,7.18,81,100,1.54,CA,1696152579
313,ola,59.5833,151.2833,8.01,88,99,1.55,RU,1696152580
314,alzamay,55.5562,98.6644,5.7,47,81,4.47,RU,1696152580
315,timbuktu,16.7735,-3.0074,35.7,12,77,4.24,ML,1696152580
316,udachny,66.4167,112.4,1.92,93,100,6.46,RU,1696152581
317,genhe,50.7833,121.5167,9.83,53,96,1.67,CN,1696152581
318,isafjordur,66.0755,-23.124,8.02,76,75,4.12,IS,1696152581
319,tuy hoa,13.0833,109.3,27.78,84,100,2.96,VN,1696152582
320,whistler,50.1164,-122.9695,5.31,74,37,1.35,CA,1696152582
321,invercargill,-46.4,168.35,14.45,71,100,6.71,NZ,1696152582
322,nanakuli,21.3906,-158.1547,25.97,69,0,3.09,US,1696152583
323,ikalamavony,-21.15,46.5833,32.35,24,0,3.34,MG,1696152583
324,saryozek,44.3583,77.9753,21.26,23,17,1.56,KZ,1696152583
325,nikfer,37.4054,29.1373,18.63,57,64,2.29,TR,1696152584
326,sona,45.4388,10.8255,24.77,56,0,1.03,IT,1696152584
327,gonbad-e kavus,37.25,55.1672,28.53,19,26,2.94,IR,1696152584
328,hadibu,12.65,54.0333,28.76,73,91,0.94,YE,1696152310
329,popondetta,-8.7537,148.2534,23.75,97,79,0.63,PG,1696152585
330,myronivka,49.6601,30.9823,20.61,56,82,5.92,UA,1696152585
331,kirsanov,52.6549,42.7224,23.2,35,6,5.41,RU,1696152586
332,kwang binh,17.4833,106.6,28.87,75,17,2.27,VN,1696152417
333,krasnokuts'k,50.066,35.1628,24.47,25,7,0.9,UA,1696152586
334,torghay,49.6339,63.4981,18.8,37,20,4.68,KZ,1696152587
335,tlahualilo de zaragoza,26.1167,-103.45,22.92,55,95,3.09,MX,1696152587
336,raduzhny,62.0961,77.475,3.67,61,100,5.46,RU,1696152587
337,gadzhiyevo,69.2551,33.3362,7.13,83,100,8.25,RU,1696152588
338,saint-francois,46.4154,3.9054,17.6,77,0,0.51,FR,1696152588
339,priozersk,61.0393,30.1291,14.5,80,100,7.0,RU,1696152588
340,muang phon-hong,18.4928,102.4172,29.09,81,54,1.0,LA,1696152589
341,konotop,51.2403,33.2026,21.32,37,67,4.25,UA,1696152589
342,crixas,-14.5489,-49.9692,24.8,64,12,0.51,BR,1696152589
343,akureyri,65.6835,-18.0878,0.96,100,20,1.03,IS,1696152590
344,tonghae,37.5439,129.1069,18.07,64,3,0.45,KR,1696152590
345,swan hill,-35.3378,143.5544,16.6,34,0,3.56,AU,1696152590
346,uturoa,-16.7333,-151.4333,25.91,80,6,9.09,PF,1696152591
347,constitucion,-35.3333,-72.4167,10.24,92,100,0.51,CL,1696152591
348,pisco,-13.7,-76.2167,18.03,88,0,0.51,PE,1696152591
349,dhidhdhoo,6.8833,73.1,27.19,81,81,7.43,MV,1696152592
350,ocean shores,46.9737,-124.1563,11.12,97,100,0.89,US,1696152592
351,viedma,-40.8135,-62.9967,5.73,62,60,4.79,AR,1696152494
352,brokopondo,4.75,-55.1667,25.23,78,100,4.05,SR,1696152593
353,extrema,-22.8547,-46.3183,17.96,96,55,2.47,BR,1696152491
354,orkney,-26.9802,26.6727,25.51,11,0,2.64,ZA,1696152593
355,farsan,32.2569,50.561,25.02,10,1,2.79,IR,1696152594
356,ilebo,-4.3167,20.5833,33.31,47,84,1.56,CD,1696152594
357,corsicana,32.0954,-96.4689,22.31,75,0,2.06,US,1696152594
358,al bardiyah,31.7561,25.0865,25.91,53,46,5.87,LY,1696152595
359,turpan,42.9333,89.1667,29.78,18,2,0.26,CN,1696152020
360,severo-yeniseyskiy,60.3725,93.0408,-1.35,68,100,5.81,RU,1696152595
361,chernyshevskiy,63.0128,112.4714,6.84,74,100,1.94,RU,1696152596
362,saipan,15.1355,145.701,28.39,89,0,3.09,MP,1696152596
363,ta`u,-14.2336,-169.5144,27.06,79,15,7.8,AS,1696152596
364,jaworze,49.7935,18.9479,13.41,68,100,1.88,PL,1696152597
365,nanning,22.8167,108.3167,33.25,67,56,3.57,CN,1696152495
366,newman,37.3138,-121.0208,15.99,76,39,1.34,US,1696152597
367,deniliquin,-35.5333,144.9667,17.35,31,0,3.93,AU,1696152597
368,christchurch,-43.5333,172.6333,15.11,51,70,2.57,NZ,1696152582
369,tadine,-21.55,167.8833,20.68,70,97,8.2,NC,1696152598
370,ambo,-10.1308,-76.2047,16.74,84,100,0.82,PE,1696152598
371,sarkand,45.41,79.9186,19.68,34,85,3.36,KZ,1696152599
372,arzgir,45.3728,44.2206,24.39,28,1,5.61,RU,1696152599
373,camiri,-20.05,-63.5167,14.85,58,30,1.19,BO,1696152599
374,canico,32.6333,-16.85,27.62,70,20,2.06,PT,1696152600
375,el granada,37.5027,-122.4694,15.08,88,100,2.57,US,1696152600
376,mount pearl,47.5166,-52.7813,9.52,92,20,5.66,CA,1696152601
377,nosy varika,-20.5833,48.5333,26.99,60,4,6.68,MG,1696152601
378,al kharijah,25.4514,30.5464,36.68,22,26,9.3,EG,1696152601
379,inarajan village,13.2736,144.7484,28.55,91,92,2.71,GU,1696152602
380,al jawf,29.5,38.75,33.07,15,1,1.47,SA,1696152602
381,aguas belas,-9.1114,-37.1231,21.81,66,53,3.7,BR,1696152603
382,nanpiao,41.0982,120.7479,17.63,33,0,1.99,CN,1696152603
383,morehead city,34.7229,-76.726,19.43,91,20,2.57,US,1696152605
384,tavda,58.0425,65.2726,14.27,55,58,4.47,RU,1696152606
385,ceeldheer,3.8488,47.1806,30.54,58,36,8.07,SO,1696152608
386,sokoni,-6.4333,39.55,26.3,68,63,4.81,TZ,1696152610
387,hobyo,5.3505,48.5268,29.01,68,6,9.37,SO,1696152611
388,taulaga,-11.0553,-171.0883,27.55,82,40,5.42,AS,1696152611
389,tiganesti,43.9,25.3667,28.05,24,19,0.64,RO,1696152612
390,kismayo,-0.3582,42.5454,28.12,64,34,7.36,SO,1696152612
391,road town,18.4167,-64.6167,27.05,79,62,8.08,VG,1696152612
392,port lincoln,-34.7333,135.8667,13.04,77,4,2.54,AU,1696152613
393,ivolginsk,51.7492,107.2837,15.81,48,20,3.0,RU,1696152613
394,yermakovskoye,53.2831,92.4003,4.97,81,100,3.13,RU,1696152613
395,ulverstone,-41.15,146.1667,12.07,71,28,5.22,AU,1696152614
396,sabang,5.8933,95.3214,28.56,75,68,6.5,ID,1696152614
397,mezhdurechenskiy,59.6,65.9333,12.39,60,18,5.36,RU,1696152614
398,buala,-8.145,159.5921,26.74,86,100,3.46,SB,1696152615
399,suncho corral,-27.9336,-63.4294,12.7,70,0,3.04,AR,1696152615
400,weno,7.4515,151.8468,28.96,78,94,3.69,FM,1696152615
401,lower sackville,44.7733,-63.6885,12.42,98,19,1.33,CA,1696152616
402,mancio lima,-7.6142,-72.8958,23.11,82,88,0.85,BR,1696152616
403,tutong,4.8,114.65,32.05,82,100,4.49,BN,1696152616
404,la'ie,21.6477,-157.9253,25.98,78,21,3.58,US,1696152617
405,veydelevka,50.1521,38.4492,24.99,30,16,3.12,RU,1696152617
406,mount gambier,-37.8333,140.7667,7.45,84,6,0.75,AU,1696152617
407,grand falls-windsor,48.9332,-55.6649,5.84,93,81,2.61,CA,1696152618
408,pimenta bueno,-11.6725,-61.1936,23.43,90,100,0.27,BR,1696152618
409,crucecita,-28.95,-58.9833,9.64,75,0,2.9,AR,1696152618
410,nguigmi,14.2495,13.1092,29.37,46,100,1.23,NE,1696152619
411,boa vista,2.8197,-60.6733,26.99,69,0,0.51,BR,1696152619
412,zouerate,22.7187,-12.4521,32.1,12,100,7.39,MR,1696152619
413,kailua-kona,19.6406,-155.9956,28.66,94,0,4.63,US,1696152620
414,phan thiet,10.9333,108.1,27.62,85,99,0.9,VN,1696152620
415,san patricio,28.017,-97.5169,29.35,79,56,4.15,US,1696152621
416,revda,56.801,59.9303,14.58,56,32,4.12,RU,1696152621
417,weare,43.0948,-71.7306,11.77,97,0,1.47,US,1696152621
418,sumbawa besar,-8.5,117.4333,26.38,66,5,2.51,ID,1696152622
419,puerto quijarro,-17.7833,-57.7667,25.17,53,53,1.52,BO,1696152622
420,el bauga,18.262,33.9081,42.33,9,0,7.7,SD,1696152622
421,igarka,67.4667,86.5833,-1.99,56,3,3.62,RU,1696152623
422,wakkanai,45.4094,141.6739,17.83,78,40,4.63,JP,1696152623
423,kapa'a,22.0752,-159.319,26.18,85,75,6.17,US,1696152623
424,kuhmo,64.1333,29.5167,9.57,88,100,5.65,FI,1696152624
425,mayenne,48.3333,-0.6667,18.69,64,49,3.52,FR,1696152624
426,usogorsk,63.4106,48.6872,12.59,92,100,3.96,RU,1696152624
427,la ronge,55.1001,-105.2842,8.14,76,100,2.06,CA,1696152625
428,sangola,17.4333,75.2,28.74,66,99,4.14,IN,1696152625
429,sao felix do xingu,-6.6447,-51.995,24.31,60,77,0.08,BR,1696152625
430,netrakona,24.8833,90.7167,31.33,71,82,2.82,BD,1696152626
431,conceicao da barra,-18.5933,-39.7322,23.96,69,96,2.44,BR,1696152626
432,algona,43.07,-94.233,21.05,83,0,5.14,US,1696152626
433,burao,9.5221,45.5336,31.27,25,0,0.06,SO,1696152627
434,pascagoula,30.3658,-88.5561,23.03,91,0,1.54,US,1696152627
435,istaravshan,39.9142,69.0033,22.64,20,42,3.67,TJ,1696152628
436,taksimo,56.3444,114.8794,13.73,45,24,0.89,RU,1696152628
437,narasannapeta,18.4167,84.05,30.49,77,100,3.6,IN,1696152628
438,alofi,-19.0595,-169.9187,21.94,73,100,6.17,NU,1696152629
439,port shepstone,-30.7414,30.455,18.98,62,80,9.16,ZA,1696152629
440,punxsutawney,40.9437,-78.9709,14.12,92,1,0.45,US,1696152629
441,quepos,9.4236,-84.1652,26.03,84,86,1.23,CR,1696152630
442,narrabri,-30.3167,149.7833,26.4,34,65,1.79,AU,1696152630
443,harstad,68.799,16.5293,7.66,98,100,19.22,NO,1696152098
444,sakakah,29.9697,40.2064,33.76,15,6,1.96,SA,1696152631
445,san antonio,29.4241,-98.4936,25.69,87,0,2.57,US,1696152631
446,strezhevoy,60.7333,77.5889,4.98,50,100,4.92,RU,1696152632
447,luanda,-8.8368,13.2343,25.0,78,75,2.57,AO,1696152382
448,amble,55.3333,-1.5833,19.77,88,71,7.2,GB,1696152632
449,snyder,32.7179,-100.9176,24.19,50,75,4.63,US,1696152633
450,roma,43.2128,-75.4557,14.81,99,100,1.54,US,1696152424
451,bafia,4.75,11.2333,26.62,77,100,1.28,CM,1696152633
452,szczecin,53.4289,14.553,17.21,75,100,3.13,PL,1696152025
453,bichura,50.5881,107.6022,15.27,42,60,2.68,RU,1696152634
454,morant bay,17.8815,-76.4093,27.79,81,35,2.03,JM,1696152634
455,darwin,-12.4611,130.8418,28.99,54,0,4.63,AU,1696152606
456,beau vallon,-20.4189,57.6953,28.13,61,40,6.69,MU,1696152635
457,mil'kovo,55.6078,37.7956,15.23,63,100,4.46,RU,1696152635
458,orhaneli,39.9033,28.9906,16.65,88,100,2.61,TR,1696152636
459,erenhot,43.6475,111.9767,16.99,20,4,1.48,CN,1696152636
460,nar'yan-mar,67.6713,53.087,10.62,98,100,4.02,RU,1696152636
461,magadan,59.5667,150.8,7.68,86,99,1.34,RU,1696152637
462,farah,32.5,62.5,25.67,9,0,3.14,AF,1696152637
463,ararat,39.8317,44.7049,23.19,38,99,2.23,AM,1696152637
464,kirkwall,58.9848,-2.9587,14.03,88,75,4.63,GB,1696152419
465,pocinhos,-7.0767,-36.0611,19.16,64,90,5.99,BR,1696152638
466,dois corregos,-22.3661,-48.3803,20.98,84,28,1.39,BR,1696152638
467,kruisfontein,-34.0033,24.7314,16.6,56,39,4.18,ZA,1696152638
468,ghat,24.9647,10.1728,31.95,22,95,0.61,LY,1696152639
469,paita,-5.0892,-81.1144,18.95,87,63,4.25,PE,1696152639
470,abingdon,51.6711,-1.2828,19.69,90,100,5.14,GB,1696152640
471,eyl,7.9803,49.8164,33.65,50,25,7.66,SO,1696152640
472,saynshand,44.8824,110.1163,17.7,17,3,3.41,MN,1696152640
473,valadares,41.1474,-7.9812,23.64,32,8,1.8,PT,1696152641
474,ilhabela,-23.7781,-45.3581,22.03,91,96,0.55,BR,1696152641
475,bulayevo,54.9056,70.4439,12.7,70,100,1.82,KZ,1696152641
476,sanctuary point,-35.1114,150.629,19.0,76,73,4.58,AU,1696152642
477,birzebbuga,35.8258,14.5269,26.38,61,20,1.03,MT,1696152642
478,ituango,7.1712,-75.764,17.07,96,97,0.78,CO,1696152642
479,ad dawadimi,24.5077,44.3924,36.64,9,0,3.57,SA,1696152643
480,kristiansund,63.1115,7.732,10.36,87,100,2.57,NO,1696152643
481,port augusta,-32.5,137.7667,15.23,70,56,4.96,AU,1696152643
482,tutoia,-2.7619,-42.2744,26.59,73,88,6.17,BR,1696152644
483,miles city,46.4083,-105.8406,12.54,76,100,7.72,US,1696152445
484,siracusa,37.0881,15.2792,25.77,57,3,2.8,IT,1696152602
485,crane,31.3974,-102.3501,23.08,72,98,4.89,US,1696152644
486,pokhara,28.2333,83.9833,26.82,76,61,1.51,NP,1696152645
487,jalalpur jattan,32.6374,74.2183,32.93,40,0,2.06,PK,1696152645
488,aland,17.5667,76.5667,29.25,64,100,3.75,IN,1696152645
489,ulladulla,-35.35,150.4667,16.41,75,59,4.13,AU,1696152646
490,amasra,41.7463,32.3863,24.03,78,100,2.8,TR,1696152646
491,gillette,44.2911,-105.5022,10.51,87,0,2.57,US,1696152646
492,charlottetown,46.2352,-63.1267,10.11,100,100,1.03,CA,1696152647
493,bodo,67.28,14.405,10.02,91,100,4.63,NO,1696152525
494,west fargo,46.875,-96.9004,22.0,84,0,5.66,US,1696152647
495,kaohsiung,22.6163,120.3133,32.05,78,75,4.12,TW,1696152363
496,kiunga,-6.1219,141.2906,24.02,98,78,1.37,PG,1696152648
497,bratsk,56.1325,101.6142,2.12,45,63,6.3,RU,1696152457
498,antofagasta,-23.65,-70.4,15.6,84,54,0.79,CL,1696152588
499,san antonio de pale,-1.4014,5.6325,25.3,82,97,5.73,GQ,1696152649
500,celano,42.0855,13.5398,22.01,32,4,2.2,IT,1696152649
501,nadi,-17.8,177.4167,21.0,64,20,4.63,FJ,1696152650
502,andapa,-14.65,49.65,27.47,54,85,2.03,MG,1696152650
503,manggar,-2.8833,108.2667,28.07,72,100,5.27,ID,1696152651
504,kunming,25.0389,102.7183,21.96,60,75,5.0,CN,1696152423
505,boyolangu,-8.1181,111.8935,25.75,67,12,3.73,ID,1696152652
506,kolonia town,6.964,158.206,25.0,94,100,1.03,FM,1696152652
507,jimenez,28.3333,-105.4,20.89,52,57,0.56,MX,1696152652
508,ca mau,9.1769,105.15,30.23,64,81,4.97,VN,1696152416
509,motueka,-41.1333,173.0167,10.99,84,99,1.79,NZ,1696152653
510,wajir,1.7471,40.0573,30.98,51,75,4.12,KE,1696152653
511,lisakovsk,52.5369,62.4936,15.62,50,56,2.44,KZ,1696152654
512,fisterra,42.9049,-9.2629,21.15,70,88,0.84,ES,1696152654
513,huilong,31.8111,121.655,20.4,67,9,5.09,CN,1696152655
514,papao,-17.75,-149.55,24.82,83,2,9.68,PF,1696152655
515,fiambala,-27.6871,-67.6149,8.71,54,0,0.43,AR,1696152655
516,monrovia,6.3005,-10.7969,25.87,81,100,1.57,LR,1696152656
517,akdepe,42.0551,59.3788,23.05,23,3,1.31,TM,1696152656
518,goundi,9.3627,17.366,32.0,55,51,1.33,TD,1696152656
519,hailar,49.2,119.7,10.24,63,90,1.68,CN,1696152657
520,frenda,35.0654,1.0495,23.43,26,0,2.2,DZ,1696152657
521,shache,38.4167,77.2406,24.96,18,3,3.01,CN,1696152657
522,margate,51.3813,1.3862,19.83,80,52,0.45,GB,1696152658
523,ivybridge,50.3904,-3.9191,17.92,97,100,3.84,GB,1696152658
524,bom jesus,-9.0744,-44.3586,25.84,41,3,2.24,BR,1696152658
525,okhotsk,59.3833,143.3,7.29,77,100,1.83,RU,1696152659
526,karratha,-20.7377,116.8463,31.35,30,8,10.62,AU,1696152658
527,iquique,-20.2208,-70.1431,17.02,69,2,1.0,CL,1696152659
528,jayapura,-2.5333,140.7,25.66,86,63,2.11,ID,1696152660
529,nishifukuma,33.7667,130.4667,23.0,53,17,5.28,JP,1696152660
530,pematangsiantar,2.9595,99.0687,25.51,90,65,1.26,ID,1696152660
531,turkmenbasy,40.0222,52.9552,29.43,13,0,2.06,TM,1696152661
532,khenchela,35.4358,7.1433,21.68,40,1,3.21,DZ,1696152661
533,abu jibeha,11.4562,31.2285,34.06,38,99,1.38,SD,1696152662
534,labuan,5.2767,115.2417,30.2,70,20,1.54,MY,1696152662
535,nacala,-14.5428,40.6728,28.62,65,20,6.69,MZ,1696152662
536,nago,26.5881,127.9761,29.47,84,27,6.45,JP,1696152663
537,ust'-uda,54.1742,103.0304,6.55,68,100,5.81,RU,1696152663
538,maceio,-9.6658,-35.7353,20.69,100,20,1.54,BR,1696152422
539,lepsy,46.235,78.9456,20.01,34,97,4.5,KZ,1696152664
540,erseke,40.3378,20.6789,21.29,35,40,1.5,AL,1696152664
541,torshalla,59.4167,16.4667,12.96,53,7,3.22,SE,1696152665
542,tete,-16.1564,33.5867,39.05,22,43,2.06,MZ,1696152665
543,arish,31.1316,33.7984,27.88,62,100,4.3,EG,1696152666
544,broken hill,-31.95,141.4333,22.5,32,11,6.14,AU,1696152666
545,i-n-salah,27.1935,2.4607,34.18,19,0,10.47,DZ,1696152666
546,tanout,14.9709,8.8879,30.73,44,98,9.64,NE,1696152667
547,yanjiang,30.1211,104.6481,21.5,89,98,2.46,CN,1696152667
548,luwuk,-0.9516,122.7875,25.77,86,33,2.52,ID,1696152667
549,inongo,-1.95,18.2667,22.12,97,99,0.92,CD,1696152668
550,carrigaline,51.8117,-8.3986,15.86,94,40,3.09,IE,1696152668
551,ad dabbah,18.05,30.95,42.36,11,6,1.62,SD,1696152668
552,nueve de julio,-35.4444,-60.8831,3.87,75,0,2.19,AR,1696152547
553,minas de marcona,-15.2119,-75.1103,13.87,88,85,3.22,PE,1696152669
554,city of balikpapan,-1.242,116.8942,29.97,74,20,2.06,ID,1696152669
555,sinop,41.7711,34.8709,20.24,56,100,2.81,TR,1696152460
556,galliano,29.4422,-90.2992,26.0,83,0,1.54,US,1696152670
557,awjilah,29.1081,21.2869,28.16,37,98,3.37,LY,1696152670
558,holualoa,19.6228,-155.9522,26.59,91,0,4.63,US,1696152671
559,dwarka,22.2394,68.9678,29.42,63,99,6.33,IN,1696152671
560,osterburken,49.4306,9.4239,20.78,48,59,1.93,DE,1696152671
561,gubkinskiy,64.434,76.5026,1.55,93,100,8.28,RU,1696152672
562,semnan,35.5729,53.3971,26.01,15,0,3.64,IR,1696152605
563,nemuro,43.3236,145.575,17.17,94,89,4.1,JP,1696152672
564,murun-kuren,49.6342,100.1625,10.37,48,100,0.91,MN,1696152672
565,cockburn town,21.4612,-71.1419,28.88,71,100,8.34,TC,1696152673
566,turinsk,58.0458,63.696,10.55,71,40,4.92,RU,1696152673
567,turkmenabat,39.0733,63.5786,26.27,15,29,3.94,TM,1696152673
568,horta,38.5333,-28.6333,20.57,78,20,2.68,PT,1696152674
569,brisas de zicatela,15.8369,-97.0419,26.29,83,87,2.22,MX,1696152674
570,sur,22.5667,59.5289,32.84,45,5,3.85,OM,1696152674
571,deulgaon raja,20.0167,76.0333,30.34,46,66,5.95,IN,1696152675
572,kaduy,59.2,37.15,14.13,71,84,5.49,RU,1696152675
573,caorle,45.5966,12.8758,25.74,56,10,2.49,IT,1696152676
